domanda,risposta
Quali Drag Queen sono sia vincitrici di un'edizione sia icone fashon?,"Le regine della moda. Raja e Sasha Velor sono entrambe vincenti, ma hanno approcci diversi al loro look che le rendono uniche in termini di stile rispetto ad altre drag queen come Naomi o Samirka Khan che si concentrano su stili più convenzionali come le sfilate invece di indossare abiti fatti per indossare ogni giorno."
In quale stagione hanno partecipato più icone fashon?,"La maggior parte delle icone della moda hanno partecipato alla stagione pandemica COVID-19. Sono stati in grado di partecipare e vincere premi, il che è stata un'impresa impressionante per squadre così piccole di concorrenti che avevano risorse limitate a causa di problemi di salute o altri problemi che impedivano loro di competere durante questo periodo di tempo. "
Per ogni stagione restituisci il nome della Drag Queen che ha vinto più maxi-challenge.,"La risposta è Bianca Del Rio. Ha vinto il maggior numero di episodi in ogni stagione, con un totale di 8 vittorie in tutta la sua carriera in RuPaul's Drag Race e America's Next"
"Restituisci l'anno, l'edizione e il numero di concorrenti della stagione che ha avuto più concorrenti","Sì, la sesta edizione conta 14 concorrenti. È la prima stagione ad avere un gran numero di partecipanti ed è stata annunciata il 19 novembre 2012."
Restituisci i nomi delle concorrenti che hanno partecipato alla puntata finale ordinate per ogni stagione,I concorrenti che hanno partecipato all'episodio finale sono stati: 1. BeBe Zahara 2. Nina Flowers 3. Rebecca Glasscock 4. Shanel Ongina 5. Jade Akashi 6. Tammie Brown 7. Victoria Porkchop Parker 8. Tyra Sanchez 9. Raven Jujubee 10 Jessica Wild 11. Morgan McMichaels 12. Nicole Paige Brooks 13. Raja Manila Luzon 14. Laquifa Wadley 15. Sasha Velour Peppermint Shea Couleé 16. Bob
Restituire il nome della Drag Queen eliminata alla prima puntata di ogni stagione. NULL se in una stagione non è stata eliminata nessuna Drag Queen alla prima puntata,1. Tyra Sanchez 2. Jinkx Monsoon 3. Bianca Del Rio 4. Violet Chachki 5. Bob
Restituisci la stagione e l'anno di uscita della stagione con il minor numero di concorrenti,"La stagione con il minor numero di concorrenti è stata [28]. Questa edizione ha avuto un totale di 9 giocatori. Non è chiaro il motivo per cui ciò sia accaduto, ma potrebbe essere dovuto a problemi di salute o ad altri problemi non correlati alla competizione in un particolare episodio."
Restituisci il nome del giudice fisso che ha partecipato per più tempo al programma,"RuPaul. È un giudice permanente del programma dall'episodio 1 ed è uno dei giudici più longevi, avendovi partecipato per oltre 20 anni oltre ad essere stato mentore dei concorrenti durante alcuni episodi"
Restituisci il nome della vincitrice del programma per ogni stagione,"Aquaria Monét X Cambiamento, Jinkx Monsone. Prima edizione: $ 20.000 Seconda edizione: $ 25.000 Terza edizione: $ 100.000 Quarta "
Per ogni stagione restituisci il nome di chi ha vinto il premio Miss simpatia,"Valentina ha vinto il titolo di Miss Simpatia. terza edizione, [29] quarta edizione, [36] quinta edizione, [59] sesta edizione. Decima edizione "
